"PLR","PDC","PS","UDC","PVL","PBD","PES","Autres partis"
16.3967091826793,11.6462704237414,18.8412062306377,29.3860714311414,4.62573439636646,4.103267649633,7.05699446705291,7.94
