"PLR","PDC","PS","UDC","PVL","PBD","PES","Autres partis"
15.1045330913271,12.3040127408498,18.7221614086054,26.5562540852985,5.38089074064915,5.4154012800464,8.43280812838844,8.08
